rule_id,source_id,section,printed_page,owner,source_status,implementation_status,suggested_regression,test_refs,implementation_note
B01,undying-rules-1.1,1.7;1.9;1.10,4,engine,verified,implemented,unit-supply-and-damage,tests/engine.test.mjs: critical hits; tests/content-validation.test.mjs: excess supply,Implemented; see linked regression or explicit dedicated-test gap.
B02,undying-rules-1.1,1.11,6,engine,verified,partial,allied-control-and-transfer,tests/bundled-game.test.mjs: six-kingdom smoke,Allied-entry consent is assumed; no allied controller veto prompt. Gold transfer 2:1 implemented.
B03,undying-rules-1.1,2.1-2.7,6,content,verified,partial,opening-builds,tests/bundled-game.test.mjs: teaching fixture,Only declared original opening fixtures; no official Campaign Book setup imported.
B04,undying-rules-1.1,3.1.1,8,engine,verified,implemented,ranged-tie-not-draw,src/engine.ts: resolveCombat positive tie guard; dedicated regression pending,Implemented; see linked regression or explicit dedicated-test gap.
B05,undying-rules-1.1,3.1.2;9.6;9.9.1,8,engine,verified,implemented,ambush-damage-before-return,tests/engine.test.mjs: Stealth Ambush,Implemented; see linked regression or explicit dedicated-test gap.
B06,undying-rules-1.1,3.1.3;10.4,8,engine,verified,implemented,regenerate-besieged,src/engine.ts: legalActions/regenerate; dedicated regression pending,Implemented; see linked regression or explicit dedicated-test gap.
B07,undying-rules-1.1,3.1.4;8.2,8,engine,verified,implemented,flying-legality,src/engine.ts: canPass/canCross; dedicated regression pending,Implemented; see linked regression or explicit dedicated-test gap.
B08,undying-rules-1.1,3.2.1,8,engine,verified,implemented,feral-capture-posture,src/engine.ts: advanceInto; dedicated regression pending,Implemented; see linked regression or explicit dedicated-test gap.
B09,undying-rules-1.1,3.2.2,9,engine,verified,implemented,fragile-elimination,src/engine.ts: hitArmy; dedicated regression pending,Implemented; see linked regression or explicit dedicated-test gap.
B10,undying-rules-1.1,3.2.3,9,engine,verified,partial,huge-liberation,src/engine.ts: advanceInto/legalActions; dedicated regression pending,Huge must depart before ending its activation/Kingdom turn; printed season-boundary wording documented.
B11,undying-rules-1.1,4.1-4.6,9,engine,verified,implemented,settlement-posture,tests/engine-review.test.mjs: LoyalNeutral posture,Implemented; see linked regression or explicit dedicated-test gap.
B12,undying-rules-1.1,4.4;9.11,10,engine,verified,implemented,fortification-siege,tests/engine.test.mjs: city garrison stacks,Implemented; see linked regression or explicit dedicated-test gap.
B13,undying-rules-1.1,4.8;4.9.2,11,engine,verified,implemented,capture-income-flow,tests/engine.test.mjs: critical hits/capture,Implemented; see linked regression or explicit dedicated-test gap.
B14,undying-rules-1.1,4.9.1;4.9.4;4.9.5,11,engine,verified,partial,finite-control-and-release,src/engine.ts: settlement choices; dedicated regression pending,"Configurable finite supply supported; Night five shared markers source-verified, others unverified."
B15,undying-rules-1.1,4.10,12,engine,verified,implemented,raze-rebuild,tests/engine.test.mjs: Shashka maintenance and Laying Waste,Implemented; see linked regression or explicit dedicated-test gap.
B16,undying-rules-1.1,4.11;8.2.2,13,content,verified,partial,entry-and-partial-hex,tests/engine-review.test.mjs: other Entry recruitment,Entry and prohibited flags implemented; physical partial-edge topology not fully transcribed.
B17,undying-rules-1.1,5;6,13,engine,verified,implemented,basic-clock,tests/engine.test.mjs: whole Kingdom turn order,Implemented; see linked regression or explicit dedicated-test gap.
B18,undying-rules-1.1,7.1-7.5,15,engine,verified,implemented,activation-and-build-timing,tests/engine.test.mjs: move then action; build ready,Implemented; see linked regression or explicit dedicated-test gap.
B19,undying-rules-1.1,7.6-7.8,16,engine,verified,implemented,collapse-eligibility,tests/engine.test.mjs: Shashka maintenance; broader city collapse regression pending,Implemented; see linked regression or explicit dedicated-test gap.
B20,undying-rules-1.1,8.1;8.1.1-8.1.3,16,engine,verified,implemented,movement-costs,tests/engine.test.mjs: terrain costs,Implemented; see linked regression or explicit dedicated-test gap.
B21,undying-rules-1.1,8.1.4-8.1.6,18,engine,verified,implemented,ship-movement,tests/engine.test.mjs: ordinary ships; tests/engine-review.test.mjs: Fjordland five/eight,Implemented; see linked regression or explicit dedicated-test gap.
B22,undying-rules-1.1,8.3;8.3.1,19,engine,verified,implemented,stack-and-switch,tests/engine.test.mjs: friendly-ready switching,Implemented; see linked regression or explicit dedicated-test gap.
B23,undying-rules-1.1,9.1-9.5,19,engine,verified,partial,combat-and-garrisons,tests/engine.test.mjs: city garrison stacks; critical hits,Normal combat/garrisons implemented; Ambush garrison exclusion is source-derived interpretation.
B24,undying-rules-1.1,9.7-9.8,21,engine,verified,implemented,strike-and-critical,tests/engine.test.mjs: critical hits; Stealth Ambush,Implemented; see linked regression or explicit dedicated-test gap.
B25,undying-rules-1.1,9.11.2,22,engine,verified,implemented,siege-targeting,tests/engine.test.mjs: city garrison stacks siege targeting,Implemented; see linked regression or explicit dedicated-test gap.
B26,undying-rules-1.1,10.1-10.1.2,23,engine,verified,implemented,build-locations,tests/engine.test.mjs: build ready; tests/engine-review.test.mjs: other Entry,Implemented; see linked regression or explicit dedicated-test gap.
B27,undying-rules-1.1,10.3;10.3.1-10.3.2,23,engine,verified,implemented,siege-count,tests/engine.test.mjs: build ready siege count,Implemented; see linked regression or explicit dedicated-test gap.
B28,undying-rules-1.1,10.4,23,engine,verified,implemented,recovery,tests/engine.test.mjs: recovery,Implemented; see linked regression or explicit dedicated-test gap.
B29,undying-rules-1.1,12.1.1-12.1.2,25,engine,verified,implemented,oathborn-rules,tests/bundled-game.test.mjs: teaching fixture; dedicated Miner regression pending,Implemented; see linked regression or explicit dedicated-test gap.
B30,undying-rules-1.1,12.2,25,engine,verified,implemented,shashka-economy,tests/engine.test.mjs: Shashka maintenance,Implemented; see linked regression or explicit dedicated-test gap.
B31,undying-rules-1.1,12.3.1-12.3.6;12.3.8,27,engine,verified,implemented,night-coven-and-spire,tests/engine.test.mjs: five-marker target Coven conversion; tests/bundled-game.test.mjs: six-kingdom smoke,Implemented; see linked regression or explicit dedicated-test gap.
B32,undying-rules-1.1,12.4,28,engine,verified,implemented,empire-revolt,tests/bundled-game.test.mjs: six-kingdom Empire smoke; targeted revolt regression pending,Implemented; see linked regression or explicit dedicated-test gap.
B33,undying-rules-1.1,12.5,29,engine,verified,implemented,fjord-rules,tests/engine-review.test.mjs: Fjordland ship rating; Ranger regression pending,Implemented; see linked regression or explicit dedicated-test gap.
B34,official-errata-0824,Official errata component corrections,2,content,verified,partial,component-corrections,tests/content-validation.test.mjs: bundled 44 Army definitions,Inspected component values used; remaining errata scenario changes require official campaign content.
B35,vassal-component-pack-1.7,Terrain Effects physical aid,1,engine,verified,implemented,terrain-chart,tests/engine.test.mjs: terrain costs and city garrison,Implemented; see linked regression or explicit dedicated-test gap.
